,param,mean,sd,2.5q,25q,50q,75q,97.5q,subj_id,trial
0,drift rate,0.143261027,0.02126306,0.107032818,0.128036424,0.141272033,0.156818905,0.18920159,20,Gender Repeat Trials
1,response criteria,0.365237479,0.060218439,0.276477589,0.320235088,0.354462262,0.399536841,0.509472071,20,Gender Repeat Trials
2,non decision time,0.718502759,0.093956536,0.509629873,0.658727006,0.730969108,0.787828091,0.869792911,20,Gender Repeat Trials
3,drift rate,0.114918146,0.015675566,0.087422421,0.10393926,0.113858796,0.124436368,0.149242949,21,Gender Repeat Trials
4,response criteria,0.302676834,0.032409002,0.252244566,0.280548941,0.298307438,0.31977232,0.378717188,21,Gender Repeat Trials
5,non decision time,0.576147372,0.070035416,0.435853649,0.529259163,0.573617518,0.626812039,0.703831003,21,Gender Repeat Trials
6,drift rate,0.202265253,0.024616245,0.158757869,0.185140891,0.20030016,0.217434182,0.255349886,24,Gender Repeat Trials
7,response criteria,0.218514708,0.030407979,0.173456447,0.196752791,0.213335755,0.234585317,0.292020614,24,Gender Repeat Trials
8,non decision time,0.597535249,0.035448982,0.514286057,0.577441283,0.602823342,0.623259473,0.652210915,24,Gender Repeat Trials
9,drift rate,0.19595608,0.026861052,0.139433097,0.179138038,0.197887542,0.214233084,0.244909776,25,Gender Repeat Trials
10,response criteria,0.43441399,0.079956322,0.272835252,0.382948347,0.437933731,0.487623459,0.588446419,25,Gender Repeat Trials
11,non decision time,0.57576041,0.104424831,0.3963671,0.506776528,0.566109041,0.631869679,0.836175066,25,Gender Repeat Trials
12,drift rate,0.139580615,0.014832445,0.11227257,0.129150787,0.139023672,0.149341027,0.170444606,26,Gender Repeat Trials
13,response criteria,0.388064814,0.043579467,0.313653554,0.356960492,0.384755302,0.415336115,0.482998637,26,Gender Repeat Trials
14,non decision time,0.459401479,0.067866027,0.315856511,0.415101294,0.463409031,0.507221034,0.581924242,26,Gender Repeat Trials
15,drift rate,0.222984851,0.023321491,0.180010023,0.206681306,0.22206646,0.237733773,0.271070844,27,Gender Repeat Trials
16,response criteria,0.352441691,0.05122234,0.267012975,0.315560076,0.346874919,0.38384972,0.466193159,27,Gender Repeat Trials
17,non decision time,0.565584397,0.059771554,0.434145409,0.528544099,0.570717339,0.608563861,0.6675879,27,Gender Repeat Trials
18,drift rate,0.276704553,0.034323809,0.212115818,0.252889633,0.276530525,0.299676421,0.344254724,29,Gender Repeat Trials
19,response criteria,0.262708235,0.046591316,0.1848905,0.228992296,0.259140846,0.292006546,0.363715851,29,Gender Repeat Trials
20,non decision time,0.546539421,0.043675632,0.455527501,0.519189698,0.547962128,0.574588369,0.629422315,29,Gender Repeat Trials
21,drift rate,0.19620287,0.021427203,0.156838703,0.181250505,0.195567478,0.21065741,0.239673895,31,Gender Repeat Trials
22,response criteria,0.348275005,0.051427604,0.256717948,0.311139855,0.343927893,0.381555644,0.458432256,31,Gender Repeat Trials
23,non decision time,0.537936151,0.072111033,0.397562654,0.492325443,0.536919077,0.581378822,0.695605416,31,Gender Repeat Trials
24,drift rate,0.197359713,0.022006054,0.15779837,0.181716301,0.196122463,0.211769078,0.244302839,32,Gender Repeat Trials
25,response criteria,0.249023304,0.037160005,0.190623818,0.221447911,0.244328877,0.271749813,0.33336609,32,Gender Repeat Trials
26,non decision time,0.513077828,0.059865459,0.391545854,0.468446204,0.518308958,0.562339317,0.605829991,32,Gender Repeat Trials
27,drift rate,0.179644961,0.021607492,0.140290135,0.164415246,0.178994314,0.193967281,0.224054612,33,Gender Repeat Trials
28,response criteria,0.294113554,0.043432669,0.225316152,0.262244961,0.28780712,0.320592793,0.393040067,33,Gender Repeat Trials
29,non decision time,0.606960592,0.058031261,0.477688781,0.571072455,0.612838813,0.649674318,0.702188942,33,Gender Repeat Trials
30,drift rate,0.141859448,0.017287007,0.110950513,0.129708339,0.140822648,0.152831907,0.178110827,34,Gender Repeat Trials
31,response criteria,0.32940036,0.041056178,0.263902327,0.299810327,0.323624838,0.352775902,0.425260384,34,Gender Repeat Trials
32,non decision time,0.521906562,0.060569313,0.389892666,0.483761614,0.52746032,0.565411485,0.623287194,34,Gender Repeat Trials
33,drift rate,0.190979397,0.01946937,0.154629593,0.177511651,0.190343444,0.203509832,0.231107912,35,Gender Repeat Trials
34,response criteria,0.273162486,0.029363017,0.223392968,0.252395454,0.270280823,0.290704971,0.337984842,35,Gender Repeat Trials
35,non decision time,0.43166227,0.03999784,0.346194618,0.407255503,0.434379292,0.459096402,0.504720413,35,Gender Repeat Trials
36,drift rate,0.167775515,0.020580333,0.131358169,0.153569027,0.166174969,0.180589038,0.212949363,36,Gender Repeat Trials
37,response criteria,0.300293913,0.040705297,0.23861878,0.271612939,0.294128274,0.322567192,0.399339896,36,Gender Repeat Trials
38,non decision time,0.453587885,0.051515957,0.336470392,0.422235344,0.45971607,0.490260208,0.536182188,36,Gender Repeat Trials
39,drift rate,0.156110835,0.018703107,0.123447231,0.14347458,0.15490881,0.167548487,0.195779378,37,Gender Repeat Trials
40,response criteria,0.221772227,0.022053095,0.186635233,0.206505858,0.219249879,0.233721709,0.271102658,37,Gender Repeat Trials
41,non decision time,0.543138958,0.029959057,0.476674287,0.525104685,0.546292967,0.564338614,0.592927263,37,Gender Repeat Trials
42,drift rate,0.19688283,0.023346938,0.153516194,0.180598495,0.19627984,0.212396243,0.245016362,39,Gender Repeat Trials
43,response criteria,0.323416951,0.048565111,0.244524256,0.287688111,0.318075683,0.354024292,0.430577622,39,Gender Repeat Trials
44,non decision time,0.473162345,0.058289075,0.350529256,0.436106328,0.476726019,0.512584347,0.581675594,39,Gender Repeat Trials
45,drift rate,0.231680318,0.029608941,0.174940204,0.211303892,0.231721587,0.251790168,0.291087911,44,Gender Repeat Trials
46,response criteria,0.327064847,0.06008592,0.225066278,0.282601306,0.322940148,0.364934008,0.461836518,44,Gender Repeat Trials
47,non decision time,0.547693455,0.061003773,0.412689093,0.510320373,0.552979767,0.592092715,0.649939245,44,Gender Repeat Trials
48,drift rate,0.21427924,0.022930366,0.170776179,0.198516595,0.213658867,0.229519604,0.26102283,57,Gender Repeat Trials
49,response criteria,0.286589621,0.050119091,0.207272403,0.248343898,0.281689753,0.31893934,0.395319343,57,Gender Repeat Trials
50,non decision time,0.553332513,0.073023811,0.405595093,0.497831105,0.5629869,0.613553,0.666062119,57,Gender Repeat Trials
51,drift rate,0.194421095,0.022857047,0.152003924,0.178740781,0.193431765,0.209268649,0.24154147,63,Gender Repeat Trials
52,response criteria,0.368901264,0.055419398,0.27743302,0.3283797,0.36407229,0.402565715,0.493400397,63,Gender Repeat Trials
53,non decision time,0.599883341,0.070148652,0.446384732,0.555802166,0.605925868,0.650006716,0.717408743,63,Gender Repeat Trials
54,drift rate,0.135149968,0.019259186,0.099720651,0.121958611,0.134072614,0.147462862,0.175981628,66_1,Gender Repeat Trials
55,response criteria,0.206609398,0.016891681,0.177622134,0.194644683,0.205367644,0.216935969,0.242688316,66_1,Gender Repeat Trials
56,non decision time,0.455124041,0.029200379,0.388895003,0.437386312,0.458101557,0.476189944,0.502982688,66_1,Gender Repeat Trials
57,drift rate,0.114805281,0.01425457,0.08861673,0.104986876,0.11424182,0.123930214,0.144194317,68_2,Gender Repeat Trials
58,response criteria,0.285756347,0.026960334,0.24187128,0.266864043,0.282446306,0.301508181,0.346895386,68_2,Gender Repeat Trials
59,non decision time,0.528421988,0.061942449,0.379827123,0.496069614,0.537050438,0.569984521,0.628148108,68_2,Gender Repeat Trials
60,drift rate,0.090569637,0.012655896,0.066718465,0.081997054,0.090298115,0.098825062,0.11649881,69_2,Gender Repeat Trials
61,response criteria,0.211678562,0.013452499,0.186908305,0.202478417,0.211027766,0.220277051,0.240160137,69_2,Gender Repeat Trials
62,non decision time,0.479090276,0.03264501,0.407524798,0.458512308,0.481827314,0.502382762,0.534020673,69_2,Gender Repeat Trials
63,drift rate,0.080206503,0.012845153,0.056065183,0.071170078,0.080090456,0.088756235,0.105425812,71_2,Gender Repeat Trials
64,response criteria,0.213381747,0.014309535,0.186848419,0.203505861,0.212886809,0.222707194,0.24266728,71_2,Gender Repeat Trials
65,non decision time,0.893736934,0.048462888,0.800696914,0.863173051,0.890557611,0.922058648,0.991168738,71_2,Gender Repeat Trials
66,drift rate,0.119493309,0.017395442,0.088950064,0.107515308,0.118143063,0.130006769,0.158580571,20,Emotion Repeat Trials
67,response criteria,0.306035153,0.038468043,0.248256187,0.279890334,0.300632787,0.325549999,0.401751335,20,Emotion Repeat Trials
68,non decision time,0.908394189,0.085637603,0.725364553,0.857195578,0.908711139,0.964305909,1.06461925,20,Emotion Repeat Trials
69,drift rate,0.07814218,0.011522484,0.056430282,0.070306393,0.077943723,0.08575033,0.101313224,21,Emotion Repeat Trials
70,response criteria,0.273326512,0.018807278,0.239594127,0.260294779,0.272150493,0.285163808,0.313460466,21,Emotion Repeat Trials
71,non decision time,0.777362599,0.055748754,0.652531492,0.743165766,0.782637016,0.816816846,0.870697542,21,Emotion Repeat Trials
72,drift rate,0.22454846,0.024946965,0.177370398,0.207575969,0.223847012,0.241038826,0.275795177,24,Emotion Repeat Trials
73,response criteria,0.388567615,0.060769248,0.287238876,0.346789431,0.382397457,0.423898665,0.527419556,24,Emotion Repeat Trials
74,non decision time,0.503322172,0.064768371,0.359218334,0.46509798,0.509817437,0.547958665,0.613989627,24,Emotion Repeat Trials
75,drift rate,0.17338249,0.023247557,0.132613625,0.156828841,0.171917359,0.188087162,0.222403088,25,Emotion Repeat Trials
76,response criteria,0.295067294,0.049185217,0.224910604,0.259530821,0.285638236,0.321582091,0.416061634,25,Emotion Repeat Trials
77,non decision time,0.744562472,0.063282202,0.59014563,0.709628543,0.754866701,0.790376764,0.838608157,25,Emotion Repeat Trials
78,drift rate,0.12542497,0.013857674,0.099429894,0.11588889,0.124850121,0.134343567,0.154049251,26,Emotion Repeat Trials
79,response criteria,0.433415875,0.049862453,0.349796296,0.397740299,0.428972626,0.463864262,0.542811004,26,Emotion Repeat Trials
80,non decision time,0.517705169,0.090851729,0.332559628,0.458320624,0.519290706,0.580152102,0.688720031,26,Emotion Repeat Trials
81,drift rate,0.159157708,0.020673362,0.121786342,0.144834517,0.158427007,0.172138347,0.202947976,27,Emotion Repeat Trials
82,response criteria,0.23434659,0.024790894,0.194664505,0.216997333,0.231520281,0.248525179,0.292020127,27,Emotion Repeat Trials
83,non decision time,0.709706041,0.040320506,0.617946655,0.685855476,0.714122464,0.738635283,0.774370041,27,Emotion Repeat Trials
84,drift rate,0.243830776,0.02705352,0.194224911,0.224680671,0.242535948,0.261638566,0.299673573,29,Emotion Repeat Trials
85,response criteria,0.240340497,0.036306471,0.184329569,0.214399202,0.235118399,0.26114136,0.325409019,29,Emotion Repeat Trials
86,non decision time,0.621871636,0.037306211,0.534979667,0.600630377,0.627360814,0.648653414,0.67879061,29,Emotion Repeat Trials
87,drift rate,0.172488437,0.018256153,0.137898054,0.160061401,0.172014731,0.184457874,0.209141291,31,Emotion Repeat Trials
88,response criteria,0.27659779,0.032290373,0.225936423,0.253611364,0.272747994,0.29543659,0.349670955,31,Emotion Repeat Trials
89,non decision time,0.726339034,0.051603275,0.607172129,0.696499953,0.732270514,0.763206399,0.808446984,31,Emotion Repeat Trials
90,drift rate,0.192799131,0.023043198,0.151104157,0.176829643,0.191574437,0.207368186,0.241294158,32,Emotion Repeat Trials
91,response criteria,0.256213987,0.032978547,0.205309482,0.232570794,0.251343923,0.274761346,0.334211406,32,Emotion Repeat Trials
92,non decision time,0.508791692,0.040192225,0.414783022,0.485988584,0.514397606,0.537257684,0.572520779,32,Emotion Repeat Trials
93,drift rate,0.199511109,0.023910175,0.155374891,0.182745146,0.198490949,0.215446205,0.248347339,33,Emotion Repeat Trials
94,response criteria,0.283519517,0.044985594,0.209071806,0.251527603,0.277894347,0.310110257,0.3855006,33,Emotion Repeat Trials
95,non decision time,0.647228765,0.058675662,0.52266295,0.611525426,0.650618765,0.685316824,0.762475641,33,Emotion Repeat Trials
96,drift rate,0.137293592,0.014543353,0.109122759,0.127441113,0.136940755,0.146904522,0.166895404,34,Emotion Repeat Trials
97,response criteria,0.362989145,0.042819417,0.292219368,0.332181959,0.358995049,0.388997305,0.458393071,34,Emotion Repeat Trials
98,non decision time,0.610992548,0.078078171,0.443859475,0.562755357,0.617401222,0.666700664,0.745081256,34,Emotion Repeat Trials
99,drift rate,0.148874119,0.015782874,0.119864595,0.137861306,0.148254522,0.158998336,0.18178726,35,Emotion Repeat Trials
100,response criteria,0.346907563,0.040979715,0.277845408,0.317215414,0.343196259,0.372374995,0.435230226,35,Emotion Repeat Trials
101,non decision time,0.501691912,0.06299235,0.364977388,0.462690428,0.506939594,0.547283234,0.608167989,35,Emotion Repeat Trials
102,drift rate,0.164039179,0.019143285,0.129071837,0.150841599,0.162906786,0.176162645,0.20408723,36,Emotion Repeat Trials
103,response criteria,0.259320095,0.029375671,0.212440678,0.238547637,0.255342599,0.275825613,0.328329577,36,Emotion Repeat Trials
104,non decision time,0.412830967,0.038687948,0.327819976,0.389496906,0.416353166,0.439542587,0.478380278,36,Emotion Repeat Trials
105,drift rate,0.151942778,0.019143974,0.116135975,0.138897674,0.1511497,0.164517008,0.191339216,37,Emotion Repeat Trials
106,response criteria,0.207428999,0.018984283,0.175348992,0.194062534,0.205844629,0.218686434,0.249175008,37,Emotion Repeat Trials
107,non decision time,0.57760243,0.029081765,0.511026059,0.560188578,0.580902982,0.598405654,0.624945253,37,Emotion Repeat Trials
108,drift rate,0.117083743,0.013699297,0.091645558,0.107629156,0.116611456,0.126013631,0.145349817,39,Emotion Repeat Trials
109,response criteria,0.295289401,0.025645594,0.25178174,0.27736126,0.292705557,0.311230568,0.351430288,39,Emotion Repeat Trials
110,non decision time,0.486986768,0.050385581,0.379769197,0.456063965,0.490273966,0.520245411,0.578810527,39,Emotion Repeat Trials
111,drift rate,0.226567831,0.022650311,0.183858935,0.211101394,0.226399207,0.241356684,0.271783133,44,Emotion Repeat Trials
112,response criteria,0.313300914,0.043153364,0.240390895,0.282753773,0.309433174,0.339548596,0.411800809,44,Emotion Repeat Trials
113,non decision time,0.511780793,0.049073513,0.403486411,0.481788025,0.515342798,0.546358166,0.59519095,44,Emotion Repeat Trials
114,drift rate,0.20563743,0.025354316,0.157298975,0.188098589,0.205285295,0.223182186,0.255200545,57,Emotion Repeat Trials
115,response criteria,0.345215525,0.057093139,0.250080422,0.303673534,0.339203658,0.381358642,0.47055914,57,Emotion Repeat Trials
116,non decision time,0.572072115,0.065406091,0.430724487,0.531284542,0.576872014,0.617442265,0.690841527,57,Emotion Repeat Trials
117,drift rate,0.183458169,0.029090619,0.13320377,0.161409805,0.181076103,0.204460476,0.241930595,63,Emotion Repeat Trials
118,response criteria,0.356596576,0.076307709,0.248480976,0.29632789,0.341646503,0.40743907,0.528473337,63,Emotion Repeat Trials
119,non decision time,0.772362212,0.090442781,0.562699407,0.716540446,0.788124003,0.839838501,0.908556628,63,Emotion Repeat Trials
120,drift rate,0.143231525,0.015518816,0.11405916,0.132647635,0.142660827,0.15328659,0.175476743,66_1,Emotion Repeat Trials
121,response criteria,0.281889931,0.027954005,0.235014889,0.261837732,0.279055279,0.298587284,0.34545539,66_1,Emotion Repeat Trials
122,non decision time,0.446285571,0.044535226,0.348153987,0.418719462,0.450398394,0.477464952,0.521852338,66_1,Emotion Repeat Trials
123,drift rate,0.074256519,0.011356964,0.052404698,0.066486958,0.074092076,0.082016588,0.096468067,68_2,Emotion Repeat Trials
124,response criteria,0.238872862,0.014575424,0.212246841,0.22880489,0.238079186,0.248087325,0.268940005,68_2,Emotion Repeat Trials
125,non decision time,0.681389376,0.038393326,0.597169477,0.657539276,0.685205194,0.708930366,0.746231628,68_2,Emotion Repeat Trials
126,drift rate,0.058654597,0.010978798,0.038095229,0.051199529,0.05843918,0.065927646,0.080870044,69_2,Emotion Repeat Trials
127,response criteria,0.25050677,0.015239521,0.222376311,0.239817667,0.250000581,0.260501115,0.2815614,69_2,Emotion Repeat Trials
128,non decision time,0.457466707,0.058877654,0.348145169,0.415393784,0.452917749,0.503368187,0.566170967,69_2,Emotion Repeat Trials
129,drift rate,0.0787714,0.011857269,0.0558031,0.070747332,0.078550586,0.086613222,0.101985936,71_2,Emotion Repeat Trials
130,response criteria,0.23313227,0.014840015,0.206842045,0.222741658,0.232159534,0.242565688,0.264855988,71_2,Emotion Repeat Trials
131,non decision time,0.823272546,0.04612637,0.699641742,0.801965071,0.831312543,0.854280978,0.889721358,71_2,Emotion Repeat Trials
132,drift rate,0.082044797,0.024450618,0.037783654,0.065308481,0.080491267,0.097339623,0.134237896,20,Gender Switch Trials
133,response criteria,0.278747784,0.033658134,0.221723686,0.255965128,0.276417007,0.297809407,0.353131564,20,Gender Switch Trials
134,non decision time,0.808696714,0.106825111,0.573579871,0.747874382,0.819111464,0.878450086,0.997338865,20,Gender Switch Trials
135,drift rate,0.113114374,0.02291847,0.069985077,0.097699406,0.112451077,0.127960248,0.1601222,21,Gender Switch Trials
136,response criteria,0.283193645,0.041487256,0.216238857,0.255878779,0.278565412,0.30444899,0.380209767,21,Gender Switch Trials
137,non decision time,0.700387536,0.094200793,0.486250961,0.644445268,0.712018041,0.76796058,0.852210514,21,Gender Switch Trials
138,drift rate,0.237911463,0.03932828,0.166377955,0.210676899,0.236394457,0.263547542,0.321068072,24,Gender Switch Trials
139,response criteria,0.291353419,0.056790181,0.188594177,0.254433379,0.287792007,0.322695251,0.418591362,24,Gender Switch Trials
140,non decision time,0.601271121,0.104843597,0.408256713,0.524556724,0.585693668,0.69229531,0.784743651,24,Gender Switch Trials
141,drift rate,0.196486852,0.031632436,0.137173943,0.174972325,0.195026137,0.216954741,0.262271164,25,Gender Switch Trials
142,response criteria,0.32598134,0.068524853,0.223374593,0.279261663,0.312641532,0.361365117,0.493567773,25,Gender Switch Trials
143,non decision time,0.965234295,0.111331984,0.704712428,0.902502667,0.979926867,1.045744212,1.135682994,25,Gender Switch Trials
144,drift rate,0.142759269,0.030605444,0.08699084,0.121224777,0.141036773,0.162744872,0.207749222,26,Gender Switch Trials
145,response criteria,0.325726279,0.051964894,0.246399002,0.288773431,0.317330133,0.354400888,0.449006828,26,Gender Switch Trials
146,non decision time,0.643963661,0.095941323,0.429149422,0.585392491,0.654738869,0.712359254,0.798681772,26,Gender Switch Trials
147,drift rate,0.177833156,0.033120957,0.117834374,0.155271371,0.175912252,0.198567434,0.249031594,27,Gender Switch Trials
148,response criteria,0.290368673,0.063349624,0.19885888,0.249325226,0.280652737,0.316931749,0.452788647,27,Gender Switch Trials
149,non decision time,0.989927076,0.106325065,0.73145677,0.933637737,1.006976964,1.066169898,1.14593197,27,Gender Switch Trials
150,drift rate,0.214298333,0.035619366,0.147916921,0.189707293,0.213336293,0.237389409,0.287917766,29,Gender Switch Trials
151,response criteria,0.302523212,0.054773594,0.210447758,0.265872647,0.29654793,0.33276464,0.431701535,29,Gender Switch Trials
152,non decision time,0.540405229,0.102385294,0.304999749,0.481312306,0.5651526,0.615424219,0.686651219,29,Gender Switch Trials
153,drift rate,0.206928401,0.039447707,0.140182676,0.179650041,0.203228522,0.229593849,0.297188632,31,Gender Switch Trials
154,response criteria,0.288367505,0.054904113,0.19892913,0.25220742,0.282652708,0.315786025,0.420570588,31,Gender Switch Trials
155,non decision time,0.839571832,0.090176851,0.629732101,0.788963232,0.850806595,0.903916919,0.983438247,31,Gender Switch Trials
156,drift rate,0.11013882,0.025662858,0.064097813,0.09252875,0.108766085,0.126239583,0.164599811,32,Gender Switch Trials
157,response criteria,0.274425493,0.039109777,0.211380929,0.248379492,0.270847058,0.294413421,0.36477579,32,Gender Switch Trials
158,non decision time,0.654129447,0.084693282,0.464101489,0.603891756,0.663968445,0.71446129,0.791701592,32,Gender Switch Trials
159,drift rate,0.164433358,0.033092225,0.104655263,0.141200662,0.162425772,0.185062856,0.234465944,33,Gender Switch Trials
160,response criteria,0.313297933,0.07218743,0.212793136,0.26546732,0.297339856,0.344747922,0.495839689,33,Gender Switch Trials
161,non decision time,0.968082506,0.129805354,0.658382965,0.896296342,0.989597276,1.062981942,1.160598328,33,Gender Switch Trials
162,drift rate,0.12710418,0.022723804,0.085161261,0.111307845,0.126139603,0.141897965,0.174833794,34,Gender Switch Trials
163,response criteria,0.385296831,0.084226898,0.273040197,0.322272477,0.367412987,0.430815172,0.591821447,34,Gender Switch Trials
164,non decision time,1.016027573,0.178164415,0.614681048,0.9035896,1.044180967,1.151693497,1.287012656,34,Gender Switch Trials
165,drift rate,0.188380638,0.034508297,0.124631674,0.164202342,0.187401376,0.210873779,0.259535604,35,Gender Switch Trials
166,response criteria,0.289475418,0.048540207,0.205920106,0.257476442,0.285024813,0.315391133,0.402957083,35,Gender Switch Trials
167,non decision time,0.588942471,0.079506454,0.406118026,0.541694948,0.597512028,0.64579099,0.719928443,35,Gender Switch Trials
168,drift rate,0.161837927,0.032584901,0.105182234,0.139115817,0.158831235,0.181815802,0.234032551,36,Gender Switch Trials
169,response criteria,0.299262631,0.056865684,0.211965168,0.261622562,0.290337796,0.326232539,0.440761108,36,Gender Switch Trials
170,non decision time,0.636450333,0.084515522,0.445677261,0.587887085,0.646627077,0.696984407,0.771631922,36,Gender Switch Trials
171,drift rate,0.145372499,0.03032172,0.090418032,0.124704088,0.143815594,0.164229508,0.210700565,37,Gender Switch Trials
172,response criteria,0.256814065,0.043434216,0.184004509,0.225812038,0.253696729,0.282969151,0.351694221,37,Gender Switch Trials
173,non decision time,0.714306952,0.083021495,0.526162067,0.665261136,0.724228424,0.774216851,0.848015783,37,Gender Switch Trials
174,drift rate,0.15194197,0.024914826,0.10482128,0.135066484,0.151364939,0.168347281,0.202076846,39,Gender Switch Trials
175,response criteria,0.330130894,0.054472541,0.245984184,0.291586014,0.321859477,0.360439576,0.458913697,39,Gender Switch Trials
176,non decision time,0.657936804,0.096581845,0.441595588,0.599766945,0.66866312,0.72782734,0.8151972,39,Gender Switch Trials
177,drift rate,0.181462683,0.028880465,0.128020153,0.162011872,0.180521803,0.199360767,0.242362958,44,Gender Switch Trials
178,response criteria,0.315261047,0.052360155,0.232486047,0.279781769,0.307308968,0.343325962,0.439052586,44,Gender Switch Trials
179,non decision time,0.568297994,0.081463493,0.388216009,0.521213936,0.573877111,0.621505879,0.722056988,44,Gender Switch Trials
180,drift rate,0.207014618,0.034290452,0.144978485,0.183633025,0.205162688,0.228359233,0.280223457,57,Gender Switch Trials
181,response criteria,0.337033238,0.070531487,0.236089868,0.287564884,0.322392466,0.373141438,0.515543076,57,Gender Switch Trials
182,non decision time,0.804988109,0.118300834,0.496344847,0.751460589,0.830784612,0.888873595,0.966777049,57,Gender Switch Trials
183,drift rate,0.177244346,0.034020517,0.114966223,0.154076846,0.175995012,0.199024462,0.248717319,63,Gender Switch Trials
184,response criteria,0.368542105,0.096329106,0.244741774,0.297561585,0.344231843,0.418649187,0.609244022,63,Gender Switch Trials
185,non decision time,1.06975461,0.215631153,0.593232493,0.916797651,1.139182973,1.236684036,1.341759215,63,Gender Switch Trials
186,drift rate,0.196371561,0.036735433,0.129772758,0.170840396,0.194330212,0.220219511,0.272897524,66_1,Gender Switch Trials
187,response criteria,0.26708974,0.047627893,0.185417628,0.23369988,0.264498376,0.295472481,0.373904652,66_1,Gender Switch Trials
188,non decision time,0.559690052,0.068740397,0.404122913,0.518980738,0.567487428,0.608883622,0.668873361,66_1,Gender Switch Trials
189,drift rate,0.153158841,0.030386579,0.094891324,0.132777215,0.152398716,0.172729383,0.216440079,68_2,Gender Switch Trials
190,response criteria,0.316173694,0.051883913,0.231669567,0.280792186,0.30859514,0.344995787,0.438622025,68_2,Gender Switch Trials
191,non decision time,0.576313959,0.138439302,0.32066459,0.465590106,0.580735626,0.695247556,0.801625039,68_2,Gender Switch Trials
192,drift rate,0.074365076,0.020654199,0.037872371,0.06043126,0.073064941,0.086486402,0.119196704,69_2,Gender Switch Trials
193,response criteria,0.323228329,0.047944512,0.255523562,0.291264249,0.315191429,0.345331523,0.436474621,69_2,Gender Switch Trials
194,non decision time,0.959815489,0.147738064,0.625442509,0.868840811,0.979794472,1.067801517,1.187920909,69_2,Gender Switch Trials
195,drift rate,0.111833082,0.031244757,0.05967433,0.090850048,0.108738251,0.128566052,0.18592091,71_2,Gender Switch Trials
196,response criteria,0.270184846,0.055073989,0.199974893,0.236505877,0.261429339,0.289682262,0.410932059,71_2,Gender Switch Trials
197,non decision time,1.021970621,0.115903105,0.734955485,0.961586254,1.042203916,1.105445784,1.186452296,71_2,Gender Switch Trials
198,drift rate,0.066670835,0.018689719,0.031086069,0.054101042,0.066172329,0.078658806,0.104701515,20,Emotion Switch Trials
199,response criteria,0.306908197,0.038878795,0.241219907,0.280105267,0.303358945,0.329790268,0.393042185,20,Emotion Switch Trials
200,non decision time,0.94275006,0.139625855,0.675969189,0.857546816,0.938096277,1.015474848,1.275610311,20,Emotion Switch Trials
201,drift rate,0.069303044,0.022617769,0.030160421,0.053935422,0.067578931,0.082591035,0.117729766,21,Emotion Switch Trials
202,response criteria,0.289420349,0.044020116,0.217702818,0.261268593,0.285748322,0.312287807,0.377804736,21,Emotion Switch Trials
203,non decision time,1.140751813,0.27579142,0.752404526,0.934305731,1.036551142,1.392836765,1.662490976,21,Emotion Switch Trials
204,drift rate,0.194740395,0.035417709,0.129344944,0.170068226,0.193791993,0.21761507,0.268068614,24,Emotion Switch Trials
205,response criteria,0.280673902,0.061562514,0.185162932,0.236298828,0.271891989,0.31660916,0.423095709,24,Emotion Switch Trials
206,non decision time,0.872138009,0.086992459,0.671768994,0.820736065,0.883924772,0.936083739,1.006784758,24,Emotion Switch Trials
207,drift rate,0.148704701,0.03763292,0.084894926,0.122401831,0.144970691,0.170903799,0.234118257,25,Emotion Switch Trials
208,response criteria,0.261104352,0.06115271,0.178236551,0.219252585,0.247955146,0.287859823,0.421291526,25,Emotion Switch Trials
209,non decision time,1.025759361,0.096078253,0.796934827,0.971412905,1.042062508,1.096279844,1.166514223,25,Emotion Switch Trials
210,drift rate,0.134643636,0.023676854,0.090239981,0.118373684,0.134013785,0.150375471,0.182862233,26,Emotion Switch Trials
211,response criteria,0.3658215,0.062474108,0.264014867,0.321177918,0.359053917,0.402579214,0.504340258,26,Emotion Switch Trials
212,non decision time,0.778758366,0.105606459,0.554823267,0.714161431,0.786709428,0.85040866,0.95450616,26,Emotion Switch Trials
213,drift rate,0.182017634,0.043699687,0.110056916,0.151026146,0.177024005,0.207784626,0.280884581,27,Emotion Switch Trials
214,response criteria,0.246624284,0.056854163,0.164334067,0.20682374,0.237318665,0.275707275,0.383077669,27,Emotion Switch Trials
215,non decision time,1.066345961,0.092809899,0.844602674,1.014956409,1.081511456,1.134083767,1.202447147,27,Emotion Switch Trials
216,drift rate,0.142029594,0.032254107,0.086470076,0.120615026,0.139333313,0.159873391,0.21578254,29,Emotion Switch Trials
217,response criteria,0.230280615,0.046159964,0.167131512,0.19986771,0.222158405,0.249947521,0.35008383,29,Emotion Switch Trials
218,non decision time,0.686568908,0.059761346,0.546023406,0.653591811,0.69538008,0.729962192,0.776392129,29,Emotion Switch Trials
219,drift rate,0.170988646,0.030941709,0.114605247,0.149933873,0.169398769,0.190755272,0.236492578,31,Emotion Switch Trials
220,response criteria,0.389335708,0.094721665,0.244799062,0.320020415,0.375735223,0.443270844,0.610756363,31,Emotion Switch Trials
221,non decision time,1.197591846,0.163271668,0.844813406,1.089022832,1.213583086,1.321325098,1.460554614,31,Emotion Switch Trials
222,drift rate,0.113656182,0.023798556,0.068805943,0.09724491,0.11312421,0.12942407,0.1612593,32,Emotion Switch Trials
223,response criteria,0.360169126,0.063711994,0.261743722,0.314923927,0.351189779,0.396006042,0.510786496,32,Emotion Switch Trials
224,non decision time,0.872211973,0.122767688,0.60353133,0.794750292,0.883417738,0.961493059,1.077832197,32,Emotion Switch Trials
225,drift rate,0.124347873,0.033727697,0.06866481,0.10111362,0.120170664,0.143330185,0.203444155,33,Emotion Switch Trials
226,response criteria,0.26400015,0.050149343,0.193719432,0.230300159,0.254315612,0.286710819,0.393317686,33,Emotion Switch Trials
227,non decision time,0.847893015,0.084810085,0.662770117,0.799559521,0.853495121,0.900196778,1.02103421,33,Emotion Switch Trials
228,drift rate,0.110938364,0.029104701,0.062328647,0.090780924,0.107534427,0.128141016,0.176666199,34,Emotion Switch Trials
229,response criteria,0.360543354,0.089720666,0.239683209,0.297771795,0.340472449,0.401665352,0.595539755,34,Emotion Switch Trials
230,non decision time,1.299207908,0.2039489,0.847206006,1.163265301,1.327163406,1.456887861,1.614513717,34,Emotion Switch Trials
231,drift rate,0.133503955,0.025981394,0.08554042,0.115642036,0.132283582,0.150058894,0.189039592,35,Emotion Switch Trials
232,response criteria,0.361118622,0.065293313,0.255769764,0.314245957,0.353128621,0.399314087,0.510437104,35,Emotion Switch Trials
233,non decision time,0.948774945,0.132692205,0.666795772,0.861678336,0.957000772,1.047882219,1.176120073,35,Emotion Switch Trials
234,drift rate,0.096942206,0.023277015,0.052673496,0.081278778,0.096138374,0.111887471,0.145333492,36,Emotion Switch Trials
235,response criteria,0.272520323,0.03761967,0.212309747,0.246201235,0.268399085,0.293784887,0.359030196,36,Emotion Switch Trials
236,non decision time,0.728336676,0.08021449,0.549194213,0.681141786,0.73728838,0.783713926,0.860379171,36,Emotion Switch Trials
237,drift rate,0.106955106,0.025350367,0.060286763,0.089587528,0.105765084,0.123173719,0.160227426,37,Emotion Switch Trials
238,response criteria,0.243496082,0.033762381,0.189026312,0.220346335,0.239689435,0.262272608,0.319681894,37,Emotion Switch Trials
239,non decision time,0.678801938,0.066149602,0.524852747,0.641380213,0.687915699,0.726268263,0.780823108,37,Emotion Switch Trials
240,drift rate,0.131357599,0.024175797,0.086896381,0.114868961,0.130297874,0.146771101,0.181812111,39,Emotion Switch Trials
241,response criteria,0.423988454,0.087428053,0.287633836,0.360368672,0.411948783,0.474363787,0.629354525,39,Emotion Switch Trials
242,non decision time,1.195239545,0.194155524,0.789158888,1.063623861,1.213290566,1.340245622,1.51792671,39,Emotion Switch Trials
243,drift rate,0.243995538,0.05023548,0.154314233,0.208739241,0.24111112,0.276136493,0.351443227,44,Emotion Switch Trials
244,response criteria,0.239770298,0.061428769,0.148165688,0.19551812,0.230215698,0.274390097,0.383711968,44,Emotion Switch Trials
245,non decision time,0.975776108,0.070914776,0.805668627,0.936381534,0.987546237,1.027941577,1.079396709,44,Emotion Switch Trials
246,drift rate,0.194589116,0.034660959,0.131495883,0.170886468,0.193177037,0.216888525,0.265984226,57,Emotion Switch Trials
247,response criteria,0.328037884,0.067223667,0.218829516,0.280839949,0.320471406,0.367100862,0.479135053,57,Emotion Switch Trials
248,non decision time,0.813251241,0.085173487,0.623177083,0.761914339,0.822485113,0.874579661,0.952484847,57,Emotion Switch Trials
249,drift rate,0.134104819,0.024039124,0.089301693,0.117460585,0.133290424,0.149975719,0.183677264,63,Emotion Switch Trials
250,response criteria,0.416124454,0.082321215,0.286469112,0.355739982,0.405943789,0.464914375,0.603788919,63,Emotion Switch Trials
251,non decision time,1.040750008,0.155912941,0.71322057,0.938119045,1.050622932,1.152545293,1.313729917,63,Emotion Switch Trials
252,drift rate,0.111950594,0.028712462,0.059141825,0.092549062,0.110767815,0.129665064,0.17223981,66_1,Emotion Switch Trials
253,response criteria,0.216953575,0.029992511,0.168051035,0.196501436,0.213507422,0.234000333,0.283320581,66_1,Emotion Switch Trials
254,non decision time,0.742335766,0.075774778,0.586357347,0.690483883,0.741900288,0.80117371,0.873445188,66_1,Emotion Switch Trials
255,drift rate,0.105246953,0.032265443,0.053318596,0.083122303,0.101431914,0.123048118,0.181756271,68_2,Emotion Switch Trials
256,response criteria,0.270110211,0.050314294,0.189862364,0.23783938,0.264245383,0.294088112,0.393073045,68_2,Emotion Switch Trials
257,non decision time,0.985912078,0.162236226,0.712848647,0.874981171,0.964204158,1.062334069,1.344576215,68_2,Emotion Switch Trials
258,drift rate,0.043636773,0.02034762,0.00430965,0.029932434,0.04329428,0.057175146,0.08460122,69_2,Emotion Switch Trials
259,response criteria,0.261663715,0.030205486,0.208522778,0.240942283,0.259538978,0.280323771,0.326889148,69_2,Emotion Switch Trials
260,non decision time,1.076971845,0.177187877,0.552496347,1.010399579,1.115271606,1.196256608,1.300707604,69_2,Emotion Switch Trials
261,drift rate,0.108629932,0.03230719,0.055293266,0.085905426,0.105414922,0.126885153,0.184325825,71_2,Emotion Switch Trials
262,response criteria,0.289260129,0.063782429,0.200010409,0.249200368,0.277330791,0.313616773,0.460596511,71_2,Emotion Switch Trials
263,non decision time,1.134464988,0.185284957,0.803723113,1.011566361,1.133563388,1.227667466,1.583375414,71_2,Emotion Switch Trials