metric,n,mean_rnn,mean_transformer,mean_difference_rnn_minus_transformer,bootstrap_95ci_low,bootstrap_95ci_high,paired_effect_size_dz,paired_t,paired_t_p_two_sided,wilcoxon_W,wilcoxon_p_two_sided,subjects_favoring_transformer,sign_test_p_two_sided,sign_test_p_rnn_gt_transformer,signflip_p_two_sided,signflip_p_rnn_gt_transformer,holm_p_condition_specific_RT,holm_p_selected_condition_specific_RT,holm_p_selected_repeat_switch_RT,holm_p_training_duration
late_J,22,2.7838244364068405,2.723445993680675,0.06037844272616533,-0.41592497077139506,0.5363302552158401,0.05245235627853613,0.2460233585287193,0.8080528322630064,99.0,0.3880448341369629,11,1.0,0.5840940475463875,0.7683411582942086,0.38366308168459157,,,,
E2G_switch_cost_error,22,137.91404122411356,112.60543552987355,25.30860569424004,-0.7894983315919185,54.812904162184125,0.3666449451124088,1.7197172288148386,0.10018967046871274,78.0,0.12067747116088867,15,0.13380050659179688,0.06690025329589844,0.1017444912775436,0.05065474672626637,,,,
G2E_switch_cost_error,22,148.98264876620468,130.74249710680778,18.24015165939692,-17.342910337081026,56.309713815602926,0.19957829582412376,0.9361051840521727,0.35986021751579655,112.0,0.6556386947631836,11,1.0,0.5840940475463875,0.3662631686841566,0.18442907785461074,,,,
RT_MAE,22,216.24799739009123,196.00678639778172,20.24121099230947,10.349302088026972,30.22614522643152,0.8269629523655909,3.8788000645656795,0.0008677206443465733,29.0,0.0008091926574707031,19,0.000855445861816406,0.000427722930908203,0.0008499957500212498,0.0004249978750106249,,,,
repeat_RT_MAE,22,218.9306957347658,216.10569116066637,2.8250045740994447,-21.34646043650726,24.58239036274384,0.050760505874674934,0.2380878767311851,0.814120668881266,77.0,0.11287164688110352,16,0.052478790283203125,0.026239395141601562,0.8196609016954916,0.4096179519102405,,,,
switch_RT_MAE,22,213.56529904541657,175.90788163489708,37.657417410519514,21.135158670542502,55.566976126847095,0.9016922336698858,4.229311463315622,0.0003754980801846136,18.0,0.00012063980102539062,19,0.000855445861816406,0.000427722930908203,0.00015499922500387497,9.499952500237499e-05,,,,
RT_error_G2G,22,182.12488080380766,154.39046343300726,27.73441737080037,5.759951838200011,50.673043385062606,0.5124440186964542,2.4035755013211006,0.025553250536446043,39.0,0.003239154815673828,19,0.000855445861816406,0.000427722930908203,0.0198999005004975,0.00990995045024775,0.07665975160933813,,,
RT_error_E2E,22,255.736510665724,277.8209188883255,-22.0844082226015,-53.25730281688951,2.7667168748162,-0.3188648791804442,-1.4956088545621493,0.14963318681281476,82.0,0.15597057342529297,7,0.13380050659179688,0.9737606048583984,0.1508642456787716,0.9245453772731136,0.27490712772071535,,,
RT_error_E2G,22,116.40659210674139,103.78764134158986,12.618950765151537,-3.422244727754971,27.92884448099651,0.32924493914071407,1.5442956513877115,0.13745356386035767,78.0,0.12067747116088867,15,0.13380050659179688,0.06690025329589844,0.1372043139784301,0.06832965835170825,0.27490712772071535,,,
RT_error_G2E,22,310.7240059840918,248.02812192820429,62.6958840558875,40.846192019913694,86.41113343320566,1.1090669451877704,5.2019850784079456,3.7259052050942234e-05,0.0,4.76837158203125e-07,22,4.76837158203125e-07,2.384185791015625e-07,4.9999750001249995e-06,4.9999750001249995e-06,0.00014903620820376894,,,
selected_checkpoint_RT_MAE,22,272.46798598486055,196.7742479097302,75.6937380751303,35.118316537830985,121.77759361970827,0.7120430588156954,3.3397779847420184,0.0031070785836162583,15.0,6.532669067382812e-05,20,0.00012111663818359382,6.055831909179691e-05,0.00012999935000325,3.9999800000999996e-05,,,,
selected_repeat_RT_MAE,22,265.7037020254602,217.610127178939,48.09357484652128,16.142784367057946,81.18162464315796,0.609222401509599,2.857506353278101,0.009428069157513288,31.0,0.0010914802551269531,19,0.000855445861816406,0.000427722930908203,0.007894960525197375,0.0040249798751006245,,,0.009428069157513288,
selected_switch_RT_MAE,22,279.2322699442608,175.93836864052147,103.29390130373932,47.9923734000744,166.59847822093406,0.698562870004737,3.2765502946977048,0.0036015900397931037,12.0,3.337860107421875e-05,18,0.004343509674072266,0.002171754837036133,3.4999825000875e-05,2.4999875000624998e-05,,,0.007203180079586207,
selected_RT_error_G2G,22,225.59144854595476,156.0862290372283,69.50521950872643,33.10102391238044,108.41896579061964,0.7633125316916829,3.580253128317391,0.0017641068096458249,23.0,0.0003046989440917969,20,0.00012111663818359382,6.055831909179691e-05,0.0007999960000199999,0.00041499792501037495,,0.005292320428937475,,
selected_RT_error_E2E,22,305.8159555049658,279.1340253206497,26.681930184316148,-2.803119876124205,57.478293177187886,0.36569412476001373,1.7152574860492038,0.10101795805049062,81.5,0.15597057342529297,13,0.5234670639038081,0.2617335319519041,0.09660451697741511,0.048104759476202616,,0.10101795805049062,,
selected_RT_error_E2G,22,185.82259000859136,101.00196177479124,84.82062823380014,21.921513015580164,156.02366812677474,0.5116274770792292,2.399745581651117,0.02576247104340861,58.0,0.02513885498046875,15,0.13380050659179688,0.06690025329589844,0.018579907100464498,0.009314953425232874,,0.05152494208681722,,
selected_RT_error_G2E,22,372.6419498799303,250.8747755062517,121.76717437367853,69.24879936413978,184.3691467633713,0.8647110887217548,4.055854518234595,0.0005685295619505134,0.0,4.76837158203125e-07,22,4.76837158203125e-07,2.384185791015625e-07,4.9999750001249995e-06,4.9999750001249995e-06,,0.0022741182478020535,,
RT_SD_MAE,22,227.35282065669236,231.59321543373935,-4.240394777046929,-14.497193199452829,2.9595850223762143,-0.1930033083425646,-0.9052657591480259,0.3755940514906758,98.0,0.3705310821533203,9,0.5234670639038081,0.8568606376647949,0.509042454787726,0.745356273218634,,,,
selected_checkpoint_epoch,22,1050.0,1265.0,-215.0,-440.0,36.81818181818182,-0.3677510685984418,-1.7249054078460389,0.09923340649925656,68.0,0.05869007110595703,7,0.13380050659179688,0.9737606048583984,0.09925950370248149,0.9515302423487882,,,,0.19846681299851313
stopping_epoch,22,1499.090909090909,1555.0,-55.90909090909091,-269.5568181818182,160.0,-0.10846394969343208,-0.5087410190147695,0.616237229412866,90.5,0.5882194744036379,9,0.5234670639038081,0.8568606376647949,0.6186719066404668,0.6937115314423428,,,,0.616237229412866
validation_loss,22,2.637246475989766,2.6370640289112517,0.00018244707851383153,-0.0035150316333759576,0.003654175741666855,0.02085983932359294,0.09784131911076482,0.9229861536478523,112.0,0.6556386947631836,12,0.831811904907225,0.4159059524536125,0.9223103884480578,0.4631076844615777,,,,
