subject,architecture_rnn,late_J_rnn,late_J_sem_rnn,min_J_rnn,min_J_second_half_rnn,final_J_rnn,late_median_abs_delta_J_rnn,late_e2g_abs_error_rnn,late_g2e_abs_error_rnn,late_val_loss_rnn,late_val_nll_rnn,training_time_key_rnn,training_time_unit_rnn,selected_checkpoint_time_rnn,stopping_time_rnn,epochs_after_best_rnn,selected_eval_index_rnn,selected_J_rnn,late_mean_rt_error_G2G_rnn,late_mean_rt_error_E2E_rnn,late_mean_rt_error_E2G_rnn,late_mean_rt_error_G2E_rnn,late_mean_rt_mae_rnn,late_repeat_mean_rt_mae_rnn,late_switch_mean_rt_mae_rnn,selected_mean_rt_error_G2G_rnn,selected_mean_rt_error_E2E_rnn,selected_mean_rt_error_E2G_rnn,selected_mean_rt_error_G2E_rnn,selected_mean_rt_mae_rnn,selected_repeat_mean_rt_mae_rnn,selected_switch_mean_rt_mae_rnn,late_rt_sd_error_G2G_rnn,late_rt_sd_error_E2E_rnn,late_rt_sd_error_E2G_rnn,late_rt_sd_error_G2E_rnn,late_rt_sd_mae_rnn,late_repeat_rt_sd_mae_rnn,late_switch_rt_sd_mae_rnn,selected_rt_sd_error_G2G_rnn,selected_rt_sd_error_E2E_rnn,selected_rt_sd_error_E2G_rnn,selected_rt_sd_error_G2E_rnn,selected_rt_sd_mae_rnn,selected_repeat_rt_sd_mae_rnn,selected_switch_rt_sd_mae_rnn,architecture_transformer,late_J_transformer,late_J_sem_transformer,min_J_transformer,min_J_second_half_transformer,final_J_transformer,late_median_abs_delta_J_transformer,late_e2g_abs_error_transformer,late_g2e_abs_error_transformer,late_val_loss_transformer,late_val_nll_transformer,training_time_key_transformer,training_time_unit_transformer,selected_checkpoint_time_transformer,stopping_time_transformer,epochs_after_best_transformer,selected_eval_index_transformer,selected_J_transformer,late_mean_rt_error_G2G_transformer,late_mean_rt_error_E2E_transformer,late_mean_rt_error_E2G_transformer,late_mean_rt_error_G2E_transformer,late_mean_rt_mae_transformer,late_repeat_mean_rt_mae_transformer,late_switch_mean_rt_mae_transformer,selected_mean_rt_error_G2G_transformer,selected_mean_rt_error_E2E_transformer,selected_mean_rt_error_E2G_transformer,selected_mean_rt_error_G2E_transformer,selected_mean_rt_mae_transformer,selected_repeat_mean_rt_mae_transformer,selected_switch_mean_rt_mae_transformer,late_rt_sd_error_G2G_transformer,late_rt_sd_error_E2E_transformer,late_rt_sd_error_E2G_transformer,late_rt_sd_error_G2E_transformer,late_rt_sd_mae_transformer,late_repeat_rt_sd_mae_transformer,late_switch_rt_sd_mae_transformer,selected_rt_sd_error_G2G_transformer,selected_rt_sd_error_E2E_transformer,selected_rt_sd_error_E2G_transformer,selected_rt_sd_error_G2E_transformer,selected_rt_sd_mae_transformer,selected_repeat_rt_sd_mae_transformer,selected_switch_rt_sd_mae_transformer,delta_J,pct_J_reduction_transformer,delta_late_RT_MAE,delta_selected_checkpoint_time
20,rnn,0.5418337967942845,0.01007268865470697,0.41964221776036514,0.41964221776036514,0.5023724605281632,0.04399005892468616,103.09987509831872,152.22490246105028,2.6460935822848617,,epoch,epoch,1400.0,1420.0,20.0,139,0.41964221776036514,179.4248119842518,318.96755394232713,282.917173766058,471.19245640337743,313.1254990240036,249.19618296328946,377.0548150847177,162.58713326263705,336.6953216374268,254.81372549019625,461.5972540045766,303.92335859870917,249.64122745003192,358.2054897473864,71.02549257053198,303.06732242335806,310.7127252955298,375.08494836160276,264.97262216275567,187.04640749694502,342.8988368285663,47.22793632745305,323.30522530698454,297.6344090548259,379.477907781436,261.91136961767484,185.2665808172188,338.55615841813096,transformer,0.34840657187949015,0.008181039639182725,0.27558238993572337,0.27558238993572337,0.3534597233922574,0.0410337467984942,45.32429401640865,116.367815916603,2.6543411383262048,,epoch,epoch,1070.0,1270.0,200.0,104,0.27558238993572337,191.91406915494673,447.2805847953217,237.2383631713553,330.1885583524028,301.6553938685067,319.59732697513425,283.7134607618791,187.30258041710886,439.43216374269014,214.77749360613802,351.16247139588086,298.16867729045447,313.3673720798995,282.96998250100944,70.8779007854289,247.2197654602,332.81774182759756,296.2335643415514,236.7872431036945,159.04883312281444,314.5256530845745,78.91190012414756,224.31472102143528,332.73383637544276,292.2553298930421,232.0539468535169,151.61331057279142,312.4945831342424,0.1934272249147943,35.69862678540739,11.470105155496924,330.0
21,rnn,2.186638864620849,0.01008353623586593,0.6464917301558502,1.1875143333110132,2.123753218069056,0.03913992288238566,308.731954117651,708.4041272056255,2.651305372898395,,epoch,epoch,520.0,1250.0,730.0,52,1.1709273710263006,381.00162444732143,327.3741533373617,72.26967032967039,1035.778280542986,454.1059321643349,354.1878888923415,554.0239754363284,519.4631629088599,535.150888797024,438.0114285714287,1316.705882352941,702.3328406575633,527.3070258529419,877.3586554621849,220.23887362899583,208.5629891399243,310.3796265584309,263.1477489460981,250.58230956836226,214.4009313844601,286.7636877522645,262.8629736741369,237.47654911067542,334.7209007547644,262.17446424645345,274.30872194650755,250.16976139240617,298.44768250060895,transformer,2.3572769262897677,0.012673972824089823,0.9131941629675261,2.1547896111070917,2.308119433426554,0.05301343661696767,392.1819045495557,479.0341369748031,2.652208387851715,,epoch,epoch,980.0,1370.0,390.0,95,2.1547896111070917,372.12679006184874,370.6432103869065,20.150807217473854,848.4488017429192,402.84240235228714,371.38500022437756,434.29980448019654,370.1014607812001,376.6143034311706,17.297142857142944,837.8823529411759,400.4738150026724,373.35788210618534,427.5897478991594,226.9583277119542,210.50622169721385,320.63667111179166,222.41918879383562,245.13010232869885,218.73227470458403,271.5279299528137,221.3624690739577,198.0849594416593,328.98422976280926,219.6458260725214,242.01937108773694,209.7237142578085,274.31502791766536,-0.1706380616689187,-7.803669111977785,51.26352981204775,-460.0
24,rnn,1.0453813264520224,0.011055957341907806,0.3993237122041171,0.8927394356465745,1.0476624673646489,0.05484206924956414,82.47825999822116,71.60913672534352,2.625994854959948,,epoch,epoch,1210.0,1410.0,200.0,121,0.8927394356465745,62.37884872824664,185.6679310344828,20.09941126997471,257.2770677598263,131.35581469813263,124.02338988136472,138.68823951490052,60.48995983935788,189.6300000000001,7.214634146341496,263.1328671328672,130.11686527964167,125.059979919679,135.17375063960435,164.4556344797313,150.65010001675086,154.52926723916127,262.41820955666435,183.01330282307697,157.5528672482411,208.4737383979128,165.5550012728916,153.25141537698403,154.39718415260322,266.9064566058997,185.0275143520946,159.4032083249378,210.65182037925143,transformer,0.7065168197379587,0.008914792702197388,0.3447945362302199,0.587677240507995,0.6234085585145649,0.06249669378740452,63.043418689735425,15.376639676113284,2.618587619379947,,epoch,epoch,1680.0,1880.0,200.0,166,0.587677240507995,38.563059254562425,207.01157894736846,24.480359435173234,221.9175561280823,122.99313844129662,122.78731910096545,123.19895778162781,19.26773761713548,201.43000000000006,31.604878048780392,226.40559440559423,119.67705251787754,110.34886880856777,129.0052362271873,164.43998037212788,137.15931628778284,164.02049731260863,246.29574766192937,177.97888540861214,150.79964832995535,205.15812248726897,160.31392342574182,137.34903950543648,164.98870021912555,245.04478331186152,176.92411161554134,148.83148146558915,205.01674176549352,0.33886450671406376,32.41539695989738,8.36267625683601,-470.0
25,rnn,1.3307401806514796,0.011712449645569304,0.47900876657547214,1.1945500334374268,1.3485160813136996,0.05426776459939975,176.96698155645524,41.84118127613235,2.6419139099121094,,epoch,epoch,710.0,1220.0,510.0,70,1.1945500334374268,339.38803418803445,221.4016758667249,162.42105263157904,263.24285714285713,246.61340495729885,280.39485502737966,212.8319548872181,354.664224664225,253.8135101862515,193.8947368421052,284.55714285714294,271.73240363743116,304.23886742523825,239.22593984962407,73.32301147928,207.3708308384366,112.00757046383961,413.2269165468449,201.48208233210028,140.34692115885832,262.61724350534223,71.74787912321176,203.80244435916683,106.75150537497501,413.91234250500713,199.05354284059018,137.7751617411893,260.33192393999104,transformer,0.5034350956741342,0.011040127144089437,0.29325724880804244,0.34465900084026835,0.4769667345942753,0.06603868224060211,64.45827969427287,24.69904818148848,2.6313482715237524,,epoch,epoch,1340.0,1540.0,200.0,131,0.34465900084026835,161.0185513411322,218.97861803126005,96.56027164685908,193.03640552995398,167.39846163730132,189.99858468619615,144.79833858840652,141.33089133089152,219.02061077796748,92.84210526315792,222.41428571428582,168.90197327157568,180.1757510544295,157.62819548872187,135.06558722789728,207.4523339649193,102.64172823615925,384.4101441708692,207.39244839996124,171.2589605964083,243.52593620351416,136.1685619286092,202.54951650018234,105.18750782647385,385.038904769592,207.23612275621434,169.35903921439575,245.11320629803294,0.8273050849773453,62.16879124911734,79.21494331999753,-630.0
26,rnn,2.248716600625138,0.013599679708563534,0.5951825379252706,2.0789008963266093,2.2792337296964797,0.09278058584729143,295.9779392581501,193.58669664504103,2.6301559625669966,,epoch,epoch,500.0,2130.0,1630.0,50,1.9748474470351098,356.9842817528647,600.1091772651955,61.0063424947146,406.5224806201549,356.15557053323244,478.54672950903006,233.76441155743476,602.6523936961048,761.2665501844301,403.81818181818176,570.5999999999999,584.5842814246791,681.9594719402675,487.20909090909083,252.1856069600244,468.6323188525369,104.85486790978081,386.99092231254883,303.16592900872274,360.40896290628064,245.92289511116488,272.97569653668927,466.5814262405131,131.8770803975137,412.8348754528551,321.0672696568928,369.7785613886012,272.3559779251844,transformer,3.6161271243514768,0.019591848012934447,0.782195042304769,3.3636878496992955,3.6037098240873338,0.08536089814861247,370.6100208147488,346.9214521452148,2.639704399108887,,epoch,epoch,1180.0,1220.0,40.0,115,3.3636878496992955,326.36002081474874,614.5426939752796,44.24999999999998,266.8777777777777,313.00762314195146,470.45135739501416,155.56388888888884,322.482902170681,608.521452145214,42.545454545454504,289.93333333333294,315.8707855486706,465.5021771579475,166.23939393939372,265.76255291750493,490.7682688620357,101.94715205712355,315.4958495648008,293.4934558503662,378.2654108897703,208.72150081096217,272.9736237921832,497.0509576124957,99.81730569491509,328.1864783493421,299.50709136223406,385.01229070233944,214.0018920221286,-1.3674105237263388,-60.80848619813639,43.14794739128098,-680.0
27,rnn,1.0345972350434438,0.008111034651450265,0.4139260865060648,0.9329563607751705,1.0833904969495307,0.05697097969367526,42.31759906759907,178.5530106264379,2.6222706933816275,,epoch,epoch,2190.0,2390.0,200.0,219,0.9329563607751705,162.96153846153857,184.33826703669433,120.64393939393926,10.116185897435978,119.51498269740205,173.64990274911648,65.38006264568763,152.13986013986028,181.83309105325725,100.60606060606051,28.173076923077133,115.68802218056379,166.98647559655876,64.38956876456882,182.7421793430192,190.33964232309634,219.42052012970953,68.18913700184737,165.1728696994181,186.54091083305775,143.80482856577848,184.208164413939,189.09886973226395,224.09234265167444,73.98618693696233,167.84639093370993,186.65351707310145,149.0392647943184,transformer,1.0945699125391917,0.007386887324950801,0.6294346876421959,0.9809067292269325,1.0769634970879554,0.05515503921726195,24.785846632000474,199.8890804930262,2.6195840299129487,,epoch,epoch,1760.0,1960.0,200.0,173,0.9809067292269325,136.47193831809224,192.53543219038124,111.6860916860915,9.987672583826324,112.67028369459783,164.50368525423673,60.836882134958906,136.89510489510508,187.1747059600898,113.33333333333303,15.865384615384528,113.31713220097811,162.03490542759744,64.59935897435878,197.125384068014,206.78471245615887,227.04513148141362,90.14365967566037,180.2747219203117,201.95504826208642,158.594395578537,200.1416991159673,209.20695660844848,229.43093480033053,99.97126836494496,184.6877147224228,204.6743278622079,164.70110158263776,-0.05997267749574786,-5.796717356704462,6.844699002804219,430.0
29,rnn,0.5501475033337402,0.006471306605620188,0.4693520973056675,0.4693520973056675,0.5793613967813288,0.021848663890644326,59.37425257358277,27.44893130102999,2.6129791086370293,,epoch,epoch,1430.0,1630.0,200.0,143,0.4693520973056675,26.720313179643536,90.4310684621147,32.653939393939474,62.98213716108427,53.19686454919549,58.57569082087912,47.81803827751185,23.555023923445333,91.12015106900549,27.25999999999999,67.95821371610805,52.473347177139715,57.33758749622541,47.60910685805402,114.46788978539186,92.80139366659073,159.94291863638168,106.3773330521485,118.3973837851282,103.63464172599129,133.1601258442651,118.34825579624852,92.96548743612627,162.87063495722526,100.96514449469728,118.78738067107435,105.6568716161874,131.9178897259613,transformer,0.6095020082843312,0.004450990122797297,0.40894686919174883,0.5342236184468538,0.6437450951660884,0.03855839190036481,52.57341553183663,51.45210428762046,2.6043751149807335,,epoch,epoch,2410.0,2610.0,200.0,239,0.5342236184468538,7.671420684578738,96.59609065453411,45.121538461538535,44.81381425591924,48.55071601414266,52.13375566955643,44.96767635872888,0.2822966507176261,96.1429821192338,47.25999999999999,53.92312599680986,49.40210119169032,48.212639384975716,50.591562998404925,124.13998515796285,102.09654220488348,171.197548057762,117.7756506985754,128.8024315297959,113.11826368142316,144.48659937816868,124.3800666160949,99.548788441553,174.46425924412605,118.9453489037832,129.33461580138928,111.96442752882395,146.70480407395462,-0.059354504950591025,-10.788834738123732,4.646148535052831,-980.0
31,rnn,0.6365841955831066,0.031052222192721562,0.18039954788448598,0.2162529202762214,0.9253289134141374,0.11473320299414747,212.6862618757371,102.63314192355803,2.6046156597137453,,epoch,epoch,570.0,1230.0,660.0,57,0.18039954788448598,249.3031306782372,323.6929431412827,54.001740605627475,420.50923076923084,261.8767612985946,286.49803690976,237.2554856874292,252.21301393641852,385.2141779788842,222.8796791443849,474.3000000000002,333.65171776492195,318.71359595765136,348.58983957219255,132.1852891884784,94.77439646883394,286.34776442601867,44.475056354575756,139.4456266094767,113.4798428286562,165.41141039029725,181.75993362698307,118.84550684269828,367.7549294715045,114.80500583816388,195.79134394483742,150.30272023484068,241.2799676548342,transformer,0.2184234981213019,0.003379542996232359,0.14607279795812153,0.17828968290746192,0.24730419738743462,0.013403202225746688,10.893831333455784,155.61351432880852,2.6244345078101525,,epoch,epoch,840.0,1260.0,420.0,81,0.17828968290746192,126.03679016019449,238.9475113122175,135.8999999999998,393.92000000000013,223.70107536810295,182.49215073620599,264.91,144.94028666369127,257.1372549019611,135.5,376.3000000000002,228.46938539141314,201.0387707828262,255.9000000000001,206.43251735883004,177.7397666420802,358.2575828250822,193.19776724913245,233.9069085187812,192.08614200045514,275.7276750371073,203.2019802184074,173.01174498289316,360.06459486925024,201.30295225328746,234.39531808095956,188.1068626006503,280.6837735612688,0.41816069746180473,65.68819966992308,38.17568593049165,-270.0
32,rnn,0.22670034821810092,0.0020207356120212116,0.1768363370163486,0.1768363370163486,0.2272709918209339,0.006908979259800843,30.880272451922348,176.20203343961396,2.6360369300842286,,epoch,epoch,790.0,1230.0,440.0,79,0.1768363370163486,121.37252525252524,145.905758768178,152.25279770444754,322.1077922077921,185.40971848323568,133.63914201035163,237.1802949561198,148.80808080808072,151.2634730538923,149.18938307030112,327.61688311688295,194.21945501228927,150.03577693098651,238.40313309359203,177.5035218286555,186.82723469415205,175.83531989811684,282.67532089079754,205.7103493279305,182.16537826140376,229.25532039445716,180.5073123565575,185.47761182905032,164.76385844355957,277.3061514345196,202.01373351592176,182.99246209280392,221.0350049390396,transformer,0.28308200771679065,0.0021659792022722633,0.24004037762572072,0.24004037762572072,0.28537101997651315,0.010034829574161963,72.5128514943794,164.30081266039315,2.6327602005004884,,epoch,epoch,630.0,1200.0,570.0,60,0.24004037762572072,117.89604377104376,151.88252067293993,190.44954567192727,315.9880952380951,194.05405133850152,134.88928222199183,253.21882045501118,142.69696969696952,156.1777587681779,208.213773314204,303.52597402597394,202.65361895133134,149.4373642325737,255.86987367008896,176.8183492165606,190.03712398532937,176.7096220718544,291.1659891520637,208.682771106452,183.427736600945,233.93780561195908,177.19920836494322,192.39118593144104,176.07437328579567,296.96851568966,210.65832081795998,184.79519714819213,236.52144448772785,-0.05638165949868973,-24.870565899813624,-8.644332855265844,160.0
33,rnn,0.4947303665729206,0.0050499954576888285,0.14834430120195763,0.45462468417618396,0.5001968121518694,0.029042649249322927,32.93470754052158,106.6834220131434,2.6310693567449395,,epoch,epoch,1420.0,1620.0,200.0,142,0.45462468417618396,169.89574650156052,164.33196627933467,136.96103896103898,57.648544266191244,132.20932400203134,167.11385639044755,97.30479161361511,174.45332225913626,160.60902255639098,142.0,63.880090497737456,135.23560882831617,167.53117240776362,102.94004524886873,217.93799455799328,156.22703982292984,232.70137028382734,183.81883423851437,197.67130972581617,187.08251719046152,208.26010226117083,217.3138216864061,149.99872575003712,241.9152652975834,204.5657160966736,203.44838220767508,183.6562737182216,223.2404906971285,transformer,0.7461540030699032,0.008097412251034396,0.5446577823030923,0.6553390889785461,0.8040588579526672,0.0432097790790032,10.499209302325493,184.27926172898304,2.6311893367767336,,epoch,epoch,1030.0,1230.0,200.0,100,0.6553390889785461,108.57903654485055,175.03759398496229,118.61714285714284,11.530467571644067,103.44106023964996,141.80831526490644,65.07380521439346,104.85332225913635,175.32330827067653,110.0,1.8288084464554686,98.00135974406709,140.08831526490644,55.914404223227734,202.38267478963243,156.34993709905956,256.1246078794808,172.66573127408293,196.8807377605639,179.36630594434598,214.39516957678188,201.55160767129354,164.7285562035087,256.0821151785405,169.25370676232825,197.90399645391773,183.14008193740113,212.66791097043438,-0.2514236364969826,-50.82033638618868,28.76826376238138,390.0
34,rnn,0.40712565559248776,0.003557261587716676,0.34426481200197767,0.34426481200197767,0.4136533612652382,0.02383682602538531,162.33597883597884,263.0952096474341,2.6266077731518034,,epoch,epoch,2100.0,2300.0,200.0,210,0.34426481200197767,211.49262636496678,344.82086600268417,373.8286052009456,607.9160756501182,384.5145433046787,278.15674618382553,490.8723404255319,216.2076719576719,369.7795436886345,345.7222222222222,600.6111111111113,383.08013724490996,292.9936078231532,473.16666666666674,322.50870452948953,331.7350821667406,339.6162405108453,616.6381950063239,402.62455555334986,327.1218933481151,478.1272177585847,326.70525041538946,334.1490803958608,302.37468499618524,614.6052695135487,394.45857133024606,330.42716540562515,458.489977254867,transformer,0.11488358861570593,0.004358915092735423,0.05859842054831185,0.05859842054831185,0.1380116491989026,0.01797003396780874,74.35843818299956,43.4741549135489,2.639166823139897,,epoch,epoch,690.0,1330.0,640.0,66,0.05859842054831185,321.506734006734,469.26531044712857,395.8651721897335,512.5864197530864,424.80590909917055,395.38602222693123,454.22579597140987,320.81031031031034,477.71342798615524,376.35380116959004,489.5,416.0943848665139,399.2618691482328,432.926900584795,306.8717643497592,321.18854936586575,331.2736591034394,660.8805827140642,405.0536388832822,314.0301568578125,496.0771209087518,293.8142612922295,319.2440182217689,329.77744784793487,646.4504997373976,397.32155677483274,306.5291397569992,488.11397379266623,0.29224206697678184,71.78178603150998,-40.29136579449187,1410.0
35,rnn,0.18215975198531545,0.004701896541309432,0.1269545985523647,0.12746030113588697,0.18573393859194787,0.018106529528191445,8.937712609970701,82.73870967741935,2.625834970474243,,epoch,epoch,660.0,1210.0,550.0,66,0.12746030113588697,161.89247311827964,364.2612903225807,154.55757575757568,446.99999999999994,281.92783479960895,263.07688172043015,300.7787878787878,173.0967741935484,384.1774193548388,164.30303030303003,438.7948717948718,290.09302391157223,278.6370967741936,301.5489510489509,174.40021821840665,294.1359088040203,325.2796132655017,347.1018853889509,285.22940641921986,234.26806351121343,336.1907493272263,175.4880087991512,298.1573055362515,331.98599629067076,346.0198163262626,287.912781738084,236.82265716770135,339.00290630846666,transformer,0.09911836205698528,0.005298472800282377,0.01442166430656017,0.03203883277091007,0.12282610775702849,0.017786049478859214,7.570707070707004,41.52812241521923,2.623962631225586,,epoch,epoch,990.0,1210.0,220.0,97,0.03203883277091007,121.12544802867392,368.747311827957,126.29797979797969,410.1410256410257,256.57794132390904,244.93637992831543,268.21950271950266,126.86021505376345,371.2741935483871,127.33333333333326,394.17948717948707,254.9118072787427,249.06720430107526,260.75641025641016,195.7251298721285,290.2905853707854,312.90770661773325,347.02220347415596,286.4864063337008,243.00785762145688,329.9649550459446,193.60448297275497,296.542071490026,317.85938814865125,340.1353325997365,287.0353188027922,245.07327723139048,328.9973603741939,0.08304138992833017,45.58712285413324,25.3498934756999,-330.0
36,rnn,16.421917397146764,0.09190328708367533,0.5438489025381353,15.590987889366758,16.57859226618304,0.4047595069299028,167.7948403976974,63.5909113528536,2.630713394709996,,epoch,epoch,1160.0,1360.0,200.0,116,15.590987889366758,231.0744322344321,182.5606503470954,63.27959183673445,246.15156169994881,180.76655902955272,206.81754129076373,154.71557676834163,224.73743589743572,186.1194738765072,65.72244897959149,263.8243727598567,185.10093287834778,205.42845488697145,164.7734108697241,243.66571438313844,237.51790438262896,87.32245233626477,242.7351434684796,202.81030364262793,240.5918093828837,165.0287979023722,242.05842251210703,233.77005637571574,79.11043373642583,237.43940051524316,198.09457828487294,237.91423944391138,158.2749171258345,transformer,19.792714317574188,0.08458847035854544,0.5492810816955801,19.044526609610564,19.054727773454662,0.28275830457027595,202.952486917844,33.81471861769504,2.625921747901223,,epoch,epoch,1410.0,1610.0,200.0,138,19.044526609610564,202.86243589743583,194.2518268176836,6.095153061224472,228.3606630824373,157.8925197146953,198.5571313575597,117.2279080718309,200.1220512820512,192.1194738765072,11.322448979591627,232.21146953405014,158.94386091805004,196.1207625792792,121.76695925682088,240.26281400511843,246.70339015170674,78.70523255297097,254.1536658940895,204.9562756509714,243.48310207841257,166.4294492235302,241.7400224651945,243.03305941729826,84.35699832122899,249.0028233577535,204.5332258903688,242.38654094124638,166.67991083949124,-3.3707969204274235,-20.52620798721765,22.874039314857413,-250.0
37,rnn,0.7434982114505776,0.013852782840863949,0.11699171338277031,0.5794396950361315,0.7453023496708369,0.0648381332374135,25.046136836995654,131.6871194562187,2.6447019857518814,,epoch,epoch,1470.0,1670.0,200.0,147,0.5794396950361315,50.34270361636111,168.93335862773233,75.3888404533565,37.24623917151334,82.97778546724082,109.63803112204673,56.31753981243491,51.50134889265337,172.16682592769575,72.68613775065364,70.52190237797254,91.71905373724383,111.83408741017456,71.60402006431309,76.85128981551217,193.65424563959266,139.08673683884192,116.31308243430382,131.47633868206262,135.2527677275524,127.69990963657285,76.14950420706379,195.5339349100787,136.6711412315698,116.90591897883468,131.31512483188675,135.84171955857124,126.78853010520224,transformer,0.9481919048434299,0.006584520501144043,0.7757383742982611,0.8350718414203243,0.9491251805030876,0.027317825373179727,34.37596704917879,166.50304070963054,2.642725377247251,,epoch,epoch,1000.0,1400.0,400.0,97,0.8350718414203243,31.80437919568373,190.01065911314382,66.08382114833722,22.930865963406625,77.70743135514284,110.90751915441376,44.50734355587192,38.572055963360526,193.90595636247838,58.63208369659969,39.54151022111,82.66290156088715,116.23900616291945,49.08679695885485,82.55994329104037,195.56726917002598,139.28216965801175,130.74957338649864,137.0397388763942,139.06360623053317,135.0158715222552,80.7427706060947,192.55876022316266,140.65355414747296,134.2415432685396,137.0491570613175,136.65076541462867,137.44754870800628,-0.20469369339285226,-27.531161506561187,5.270354112097976,470.0
39,rnn,0.6662323485821299,0.005155217798895101,0.5109756081404497,0.6213744522244931,0.6777518561096694,0.027404176190947982,125.47522629601674,250.0539317642768,2.639091615323667,,epoch,epoch,670.0,1330.0,660.0,67,0.6213744522244931,182.90051365233856,357.959523809524,57.42528735632178,608.0134555738003,301.5746950979961,270.4300187309313,332.71937146506104,197.27737226277372,378.02619047619055,98.88362068965512,663.6711822660097,334.4645914236573,287.65178136948214,381.2774014778324,128.93284931633818,281.14582654667424,168.0614585920787,513.7793907384835,272.97988129839365,205.03933793150625,340.92042466528113,140.11819608469054,283.53070329153053,168.37214076007663,535.8741625324901,281.97380066719694,211.82444968811052,352.12315164628336,transformer,0.5660441381291565,0.003584589716889156,0.2182662789035728,0.48960844977424633,0.6030478069998284,0.012409194920173838,130.5563428139946,145.0631986863713,2.640755319595337,,epoch,epoch,610.0,1230.0,620.0,58,0.48163523742180014,180.56496350364978,359.4021904761906,50.60862068965512,504.05738916256166,273.6582909580143,269.9835769899202,277.33300492610834,189.54014598540152,366.2261904761906,52.00862068965512,484.3608374384237,273.03394864741773,277.88316823079606,268.1847290640394,133.38949589887437,277.57545283499513,152.0873839558924,491.9874246309306,263.75993933017315,205.48247436693472,322.0374042934115,137.58373683777575,281.54098442920025,161.21310796564566,492.5951972076215,268.2332566100608,209.562360633488,326.9041525866336,0.10018821045297333,15.038028499545696,27.916404139981807,60.0
44,rnn,18.697238566450213,0.11292564429140915,0.38085098679177476,17.526320428173324,18.39911467948234,0.5238564710577656,138.30298527979835,104.33248874927651,2.625758565389193,,epoch,epoch,1090.0,1290.0,200.0,109,17.526320428173324,136.938369895183,176.09761811792248,3.930769230769224,71.76512936864614,97.18297165313021,156.5179940065527,37.84794929970768,131.14966492926283,174.68020304568495,2.019999999999982,67.14974475326153,93.74990318205232,152.9149339874739,34.584872376630756,158.35088694338663,199.00789081938845,165.06749388106365,79.09806981810605,150.3810853654862,178.67938888138755,122.08278184958485,156.1839763264808,203.98606395786334,157.98516306733757,73.89326095871562,148.01211607759933,180.08502014217208,115.93921201302659,transformer,15.15994244980115,0.11663829135318529,0.5478656808941905,13.377069873464459,15.173004743678725,0.6637137918675373,110.44482536494131,116.76684069696121,2.612366026098078,,epoch,epoch,1950.0,2150.0,200.0,193,13.377069873464459,86.7811044347088,172.67571715263816,23.66372093023252,55.91123745201759,84.75794499239926,129.72841079367348,39.78747919112505,73.42814594192123,169.60406091370533,23.180000000000064,53.196256381168496,79.85211580919878,121.51610342781328,38.18812819058428,169.35824701943133,199.6232959254417,180.71128376857405,83.53629946825733,158.3072815454261,184.4907714724365,132.1237916184157,171.2967542817515,196.4797575171959,190.51271326122432,90.63549194596474,162.23117925153412,183.8882558994737,140.57410260359453,3.5372961166490633,18.91881576029246,12.42502666073095,-860.0
57,rnn,0.49636595764998886,0.009564854846643614,0.1363664181282558,0.3752278830774792,0.5186494673728076,0.039806196501972785,8.258795918367397,120.5114329480573,2.6255022716522216,,epoch,epoch,1040.0,1230.0,190.0,103,0.3752278830774792,98.02448979591831,225.5207352736387,105.23500000000008,105.00930232558134,133.44738184878463,161.77261253477852,105.12215116279073,107.46938775510193,227.0277120178248,106.27500000000009,132.76744186046517,143.384885408348,167.24854988646337,119.52122093023263,171.5536089905685,135.07757904716712,143.43934121086002,125.6641163444084,143.93366139825102,153.3155940188678,134.55172877763422,172.9610389149007,123.89142890470518,145.3323091583354,136.60475004581068,144.69738175593798,148.42623390980293,140.96852960207303,transformer,0.5941744437697386,0.0055291563128279314,0.1051297759664707,0.5476752742056404,0.5688737110653272,0.029769680478708427,24.460563114134633,135.5608730858695,2.619366513358222,,epoch,epoch,1140.0,1340.0,200.0,112,0.5476752742056404,60.83295540438394,225.7744820436645,85.29351851851861,89.59776055124891,115.37467912945401,143.3037187240242,87.44563953488377,61.55102040816337,226.21375852945266,80.77500000000009,98.81395348837191,116.838433106497,143.88238946880801,89.794476744186,174.9941046144102,115.55008735377443,137.51204712689002,125.95812027992751,138.50358984375055,145.2720959840923,131.73508370340878,173.24248779258647,118.88942865068515,133.4401642952853,126.96840882532308,138.13512239097,146.0659582216358,130.20428656030418,-0.09780848611974974,-19.70491420943077,18.07270271933062,-100.0
63,rnn,0.8308136323902764,0.005764779400508146,0.13924580825581595,0.7732598904102811,0.789331869490028,0.02936053914562642,243.4474547107179,81.6955229433083,2.6333476268883906,,epoch,epoch,520.0,1600.0,1080.0,52,0.42695224418220207,257.2327434960066,361.8735532463388,15.663903997237213,280.17803030303014,228.73705776065322,309.55314837117277,147.92096715013366,450.8103803294573,482.1447072072074,520.2136752136751,619.875,518.2609406875849,466.47754376833234,570.0443376068375,256.44060239544643,213.91944800233208,149.05004654023523,374.3428131334481,248.43822751786547,235.18002519888933,261.6964298368416,270.53551969399285,209.48794591661886,206.98842243207002,293.3238549973225,245.08393576000105,240.01173280530585,250.15613871469625,transformer,0.76229564709724,0.006044583496777806,0.3229348018985845,0.7011620117246702,0.7394118119998744,0.032341137903220685,212.4501520166021,93.72804054054048,2.6360061253820146,,epoch,epoch,1170.0,1370.0,200.0,114,0.7011620117246702,206.21663930160787,343.950262762763,9.268228342302328,249.04166666666657,202.1191992683349,275.0834510321854,129.15494750448445,202.1282097868218,342.4572072072074,8.361823361823099,249.04166666666652,200.4972267556297,272.2927084970146,128.7017450142448,276.2623918428341,212.27951627287777,164.5146891954017,352.3857869912733,251.3605960755967,244.27095405785587,258.45023809333753,275.6003122317699,218.67001527639587,165.04984380570642,362.82718785329826,255.5368397917926,247.1351637540829,263.9385158295023,0.06851798529303643,8.247094489278906,26.617858492318305,-650.0
66_1,rnn,0.7450514375045271,0.016091029916204355,0.6127563937833826,0.6127563937833826,0.6334532077646897,0.08123103193578007,70.6617814531828,36.79175084480398,2.669393007571881,,epoch,epoch,1060.0,1260.0,200.0,106,0.6127563937833826,102.75793529933688,258.5783906416166,32.09615384615386,295.3701414864205,172.20065531838196,180.66816297047677,163.73314766628715,103.31158547082123,261.80006144393246,37.197368421052715,267.4989429175473,167.45198956333843,182.55582345737685,152.3481556693,289.6958989612588,273.75603725927886,221.67977238401318,362.25192275373075,286.84590783957043,281.7259681102688,291.96584756887194,287.29261625878917,275.8666858350243,218.3177423208067,340.68471388273184,280.540439574338,281.57965104690675,279.50122810176924,transformer,0.3747251575257128,0.007898028275237534,0.07544300690501182,0.2806187634578136,0.3317274045194034,0.051846788678128364,36.21617160383581,16.42694392401021,2.655661547437627,,epoch,epoch,2100.0,2300.0,200.0,208,0.2806187634578136,65.69042789674228,247.0361530755361,29.474256292906187,263.41400864049996,151.40371147642114,156.3632904861392,146.4441324667031,63.4389740058532,249.32694316436255,34.03947368421041,246.568710359408,148.34352530345853,156.38295858510787,140.3040920218092,300.3627120195602,283.9403853245877,246.02756580326874,346.86822137909894,294.2997211316288,292.151548672074,296.4478935911838,300.3885550312692,284.9515875394147,248.09095369585626,339.75665073454786,293.296936750272,292.6700712853419,293.92380221520204,0.3703262799788143,49.704793701114646,20.796943841960825,-1040.0
68_2,rnn,10.368287639961718,0.029382962585449098,3.897501312357537,10.051861563937742,10.246584039249313,0.12797943046035876,464.76455170997224,78.73304479586764,2.6613084759031023,,epoch,epoch,500.0,1360.0,860.0,50,8.75186075229743,320.4898264352469,422.3499480789202,144.27472527472528,343.6169032830521,307.68285076798617,371.4198872570836,243.9458142788887,426.39102803738297,485.54439252336465,28.264957264957275,457.8260869565215,349.5066161955566,455.9677102803738,243.0455221107394,352.49682900100845,364.6936023700765,119.49345054629224,527.4177512654795,341.0254082957141,358.5952156855424,323.45560090588594,360.9906179533282,363.93784961276646,159.74494088945755,498.18024173342917,345.71341254724535,362.46423378304735,328.96259131144336,transformer,10.434411240043817,0.039214888137194925,0.590473034511467,9.805669047902477,10.573667219943355,0.21975188473833107,462.9385779836869,111.12585994661923,2.6609547904559543,,epoch,epoch,1260.0,1360.0,100.0,123,9.805669047902477,301.69736240913807,391.40859005422885,161.2412155745489,280.15412928456396,283.62532433062,346.55297623168343,220.69767242955646,301.9050467289719,389.43328141225356,130.6239316239314,268.5403726708073,272.62565810899105,345.66916407061274,199.58215214736936,350.5878620368938,353.7410243173123,118.43104475957881,541.5824578890162,341.08559725070023,352.164443177103,330.00675132429757,347.15827858764726,345.5880765927486,136.71046285463797,544.2150583273649,343.4179690905997,346.37317759019794,340.4627605910014,-0.06612360008209883,-0.6377485114055226,24.057526437366164,-760.0
69_2,rnn,0.0809479795692318,0.0032941833274986996,0.049979234018113855,0.049979234018113855,0.07309890231500954,0.02248441055219444,69.53799841296677,19.462390261231732,2.6811356842517853,,epoch,epoch,1380.0,1580.0,200.0,138,0.049979234018113855,183.84562227668837,160.80677910237767,253.38362068965517,160.32505727639278,189.59026983627848,172.32620068953304,206.85433898302398,183.3355119825709,158.84321705426328,238.62068965517255,161.57499999999982,185.59360467300164,171.08936451841709,200.0978448275862,237.35664483890469,115.14111922302797,535.2212887380038,270.9385112793849,289.6643910198303,176.24888203096634,403.0799000086944,238.7715884621682,116.26166517680213,536.7698289503691,279.13574927846525,292.7347079669512,177.51662681948517,407.95278911441716,transformer,0.1400210025753,0.007910075208558987,0.03438273950920144,0.03438273950920144,0.09625797184679728,0.05851607010038612,39.595642201226205,94.32378000601949,2.682609110343747,,epoch,epoch,1800.0,2000.0,200.0,177,0.03438273950920144,171.18295691704685,137.12161560676162,210.778599118273,46.66158551589295,141.43618928949363,154.15228626190424,128.72009231708302,165.18978000556956,136.9124999999999,181.53846153846143,108.5636363636363,148.0510944769168,151.05114000278473,145.05104895104887,231.21205228777762,106.70898263271503,542.22196374033,274.6563173364165,288.6998289993098,168.9605174602463,408.43914053837324,228.92668113468517,108.61076899698378,543.252241228053,215.6559631178934,274.11141361940383,168.76872506583447,379.4541021729732,-0.059073023006068204,-72.97652556670083,48.154080546784854,-420.0
71_2,rnn,1.3084286047721712,0.01313209682340919,1.1379019652840752,1.1379019652840752,1.3088298271259124,0.10125277196151417,204.09734093067416,285.739176798779,2.653591669522799,,epoch,epoch,710.0,1260.0,550.0,71,1.1379019652840752,20.32478632478611,40.220025941800294,186.65384615384616,325.9592027405791,143.2894652902529,30.272406133293202,256.3065244472126,246.69753086419814,401.0450879765399,468.5,595.4858299595141,427.93211220006305,323.871309420369,531.9929149797571,112.24718821488287,249.02168942546163,261.42114749332006,244.2663843546282,216.73910237207318,180.63443882017225,252.8437659239741,115.62548303821183,275.0124293876093,284.49591701140486,256.99637848479335,233.03255198050485,195.31895621291056,270.74614774809913,transformer,0.445795641278081,0.010628343465985608,0.3149237632512962,0.3149237632512962,0.5390130694060551,0.04306160610152629,34.51663527934707,140.08549641423164,2.66737961769104,,epoch,epoch,790.0,1370.0,580.0,76,0.3149237632512962,59.687068424356845,298.9602612142936,94.20370370370371,157.05278152646562,152.47595371720493,179.32366481932516,125.62824261508464,120.19753086419814,308.7870234604104,124.5,175.48582995951415,182.24259607103068,214.49227716230428,149.99291497975707,111.55437692803281,222.75815000109617,271.94195098814646,258.41920085909663,216.16841969409305,167.15626346456446,265.1805759236215,97.18332133225476,221.77192338582637,283.3742731847689,288.42421259952977,222.68843262559494,159.47762235904057,285.89924289214935,0.8626329634940901,65.92892881948995,-9.186488426952025,-80.0
